Hash,Sequence
d238d6fffab502c39dcc81b9144f183b6029f26b,CAGCAAACCTGAGCAAAGAGAACTTTAGTTCAGGCCCCCGAAACTAGACGAGCTACTCCGGGACAGCCTATTGTAGGGCTAACCCGTCTCTGTGGCAAAAGAGTGGGAAGAGCCCCGAGTAGAGGTGATAAACCTATCGAGCCTAGTTATAGCTGGTTGCTTAGGAAATGAATAGAAGTTCAGCCCCCCGGCTTTCTTAGGACCTTAAGGTAAAACTAATATTGTCCCAGAGAAACCAGGAGAGTTAGTCAAAGGAGGTACAGCTCCTTTGAACAAGGACACAACCTTAACAGGCGGCTAAGGATCATAGTTACCAAGGTAACCTGTTACAGTGG
9794a0d15bfdf9d002e1564c85eb0fbf612049ed,AAGTGTACCTCAAGCAAAGCGAACTTTAGTTTGACGTCCCGAAACTACGTGAGCTACTCCAAGACAGCCTATTAATAGGGCACACCCGTCTCTGTAGCAAAAGAGTGGAGAGAGCTTTGAGTAGAGGTGACAAACCTACCGAACCTAGTTATAGCTGGTTGTCCAAGAAATGAATAGAAGTTCAGCCTCTTAGCTTCTCTTTTCACACTAGTTTAACCCCTAATTGATACCTTAAAGAAACCAAGAGAGTTAGTCAAAGGGGGTACAGCCCCTTTGAACCAAGACACAACTTTATTAGGCGGGTAAAGATCATAATAACTAAAGCTAAGTGTTCTGGTGG
3cdb756a4829bf3d077ec0af970d9f46af6963b8,CAGCAAACCTGAGCAAAGAGAACTTTAGTTCAGGCCCCCGAAACTAGACGAGCTACTCCGGGACAGCCTATTGTAGGGCTAACCCGTCTCTGTGGCAAAAGAGTGGGACGAGCCCCGAGTAGAGGTGATAAACCTATCGAGCCTAGTTATAGCTGGTTGCTTAGGAAATGAATAGAAGTTCAGCCCCCCGGCTTTCTTAGGACCTTAAGGTAAAACTAATATTGTCCCAGAGAAACCAGGAGAGTTAGTCAAAGGAGGTACAGCTCCTTTGAACAAGGACACAACCTTAACAGGCGGCTAAGGATCATAGTTACCAAGGTAACCTGTTACAGTGG
c3dbdf346cff3c1adad46ee0962d54e90cfd75fa,CAGCACACCTGAGCAAAGAGAACTTTAGTTTAGGCCCCCGAAACTAGACGAGCTACTCCGGGACAGCCTATTGTAGGGCCAACCCGTCTCTGTGGCAAAAGAGTGGGACGAGCCCCGAGTAGAGGTGATAAACCTATCGAGCCTAGTTATAGCTGGTTGCTTAGGAAATGAATAGAAGTTCAGCCCCCCGGCTTTCTTAGGACCTTAAGGTAAAACTAATATTGTCCCAAAGAAACCAGGAGAGTTAGTCAAAGGAGGTACAGCTCCTTTGAACAAGGACACAACCTTAACAGGCGGCTAAGGATCATAGTTACCAAGGTAACCTGTTACAGTGG
daef6d2f7188a7be298938d3ff50ef6f7d31df43,CAGTGTAGCCCAAGCAAAGAGCACTTTAGTTTGATAACCCGAAACTAAGTGAGCTACTCCAAGACAGCCTATTAATAGGGCAAACCCGTCTCTGTGGCAAAAGAGTGGGAAGAGCTTTGAGTAGAGGTGACAGACCTACCGAACTTAGTTATAGCTGGTTGCCTGGGAATTGGATAGAAGTTCAGCCTCCCGAATTCTTTATTCACATCAGTCTCACCCCTCCTGATACCCCTAAGAAGCCGAGAGAGTTAGTCAAAGGGGGTACAGCCCCTTTGAACCAAGACACAACTTTTCCAGGAGGGTAAAGATCATAATAAATTAAGGTAAAATATTTTGGTGG
538afe58ff9215120fb2a08e109127c6f2562e4e,AAGTGTACCTCAAGCAAAGCGAACTTTAGTTTGACGTCCCGAAACTACGTGAGCTACTCCAAGACAGCCTATTAATAGGGCACACCCGTCTCTGTAGCAAAAGAGTGGAGAGAGCTTTGAGTAGAGGTGACAAACCTACCGAACCTAGTTATAGCTGGTTGTCCAAGAAATGAATAGAAGTTCAGCCTCTTAGCTTCTCTTTTCACACTAGTTTAACCCCTAATTGATACCTTAAAGAAACCAAGAGAGTTAGTCAAAGGGGGTACAGCCCCTTTGAACCAAGACACAACTTTATTAGGCGGGTAAAGATCATAATAATTAAAGCTAAGTGTTCTGGTGG
bf42a5bb1ec15e8fe11e20b2b71bddfe749af866,CAGCACACCTGAGCAAAGAGAACTTTAGTTTAGGCCCCCGAAACTAGACGAGCTACTCCGGGACAGCCTATTGTAGGGCCAACCCGTCTCTGTGGCAAAAGAGTGGGACGAGCCCCGAGTAGAGGTGATAAACCTATCGAGCCTAGTTATAGCTGGTTGCTTAGGAAATGAATAGAAGTTCAGCCCCCCGGCTTTCTTAGGACCTTAAGGTAAAACTAATATTGTCCCAGAGAAACCAGGAGAGTTAGTCAAAGGAGGTACAGCTCCTTTGAACAAGGACACAACCTTAACAGGCGGCTAAGGATCATAGTTACCAAGGTAACCTGTTACAGTGG
4450e479e7a3b55ed4ff30101b2aa81cf02916b4,CAGCAAACCTGAGCAAAGAGAACTTTAGTTCAGGCCCCCGAAACTAGACGAGCTACTCCGGGACAGCCTATTGTAGGGCTAACCCGTCTCTGTGGCAAAAGAGTGGGACGAGCCCCGAGTAGAGGTGATAAACCTATCGAGCCTAGTTATAGCTGGTTGCTTAGGAAATGAATAGAAGTTCAGCCCCCCGGCTTTCTTAGGACCTTAAGGTAAAACTAATATTGTCCCAAAGAAACCAGGAGAGTTAGTCAAAGGAGGTACAGCTCCTTTGAACAAGGACACAACCTTAACAGGCGGCTAAGGATCATAGTTACCAAGGTAACCTGTTACAGTGG
7532fa7463fea3a15b14683c88823277f11e3d59,CAGCAAACCTGAGCAAAGAGAACTTTAGTTCAGGCCCCCGAAACTAGACGAGCTACTCCGGGACAGCCTATTGTAGGGCTAACCCGTCTCTGTGGCAAAAGAGTGGGAAGAGCCCCGAGTAGAGGTGATAAACCTATCGAGCCTAGTTATAGCTGGTTGCTTAGGAAATGAATAGAAGTTCAGCCCCCCGGCTTTCTTAGGACCTTAAGGTAAAACTAATATTGTCCCAGAGAAACCAGGAGAGTTAGTCAAAGGAGGTACAGCTCCTTTGAACAAGGACACAACCTTAACAGGCGGCTAAGGATCATAGTTACCAAGGTAACCTGTTACAGTGA
eab85944775276b4a1cf1d7a10bd43d2ecfb12ef,AAGTGTACCTCAAGCAAAGCGAACTTTAGTTTGACGTCCCGAAACTACGTGAGCTACTCCAAGACAGCCTATTAATAGGGCACACCCGTCTCTGTAGCAAAAGAGTGGAGAGAGCTTTGAGTAGAGGTGACAAACCTACCGAACCTAGTTATAGCTGGTTGTCCAAGAAATGAATAGAAGTTCAGCCTCTTAGCTTCTCTTTTCACACTAGTTTAACCCCTAATTGATACCTTAAAGAAACCAAGAGAGTTAGTCAAAGGGGGTACAGCCCCTTTGAACCAAGACACAACTTTATTAGGCGGGTAAAGATCATAATAACTAAAGCTAAGTGTTCTGGTGA
55a584c67b4936371ad9be5f87b710414e20d453,AAGTGTACCTCAAGCAAAGCGAACTTTAGTTTGACGTCCCGAAACTACGTGAGCTACTCCAAGACAGCCTATTAATAGGGCACACCCGTCTCTGTAGCAAAAGAGTGGAGAGAGCTTTGAGTAGAGGTGACAAACCTACCGAACCTAGTTATAGCTGGTTGTCCAAGAAATGAATAGAAGTTCAGCCTCTTAGCTTCTCTTTTCACACTAGTTTAACCCCTAATTGATACCTTAAAGAAACCAAGAGAGTTAATCAAAGGGGGTACAGCCCCTTTGAACCAAGACACAACTTTATTAGGCGGGTAAAGATCATAATAACTAAAGCTAAGTGTTCTGGTGG
52a2d30192a4b49b7156f940db642ecdac544666,AAGTGTACCTCAAGCAAAGCGAACTTTAGTTTGACGTCCCGAAACTACGTGAGCTACTCCAAGACAGCCTATTAATAGGGCACACCCGTCTCTGTAGCAAAAGAGTGGAGAGAGCTTTGAGTAGAGGTGACAAACCTACCGAACCTAGTTATAGCTGATTGTCCAAGAAATGAATAGAAGTTCAGCCTCTTAGCTTCTCTTTTCACACTAGTTTAACCCCTAATTGATACCTTAAAGAAACCAAGAGAGTTAGTCAAAGGGGGTACAGCCCCTTTGAACCAAGACACAACTTTATTAGGCGGGTAAAGATCATAATAACTAAAGCTAAGTGTTCTGGTGG
cbc613b47c0deff3f58dd291848ef2f85a382a66,CAGCAAACCTGAGCAAAGAGAACTTTAGTTCAGGCCCCCGAAACTAGACGAGCTACTCCGGGACAGCCTATTGTAGGGCTAACCCGTCTCTGTGGCAAAAGAGTGGGACGAGCCCCGAGTAGAGGTGATAAACCTATCGAGCCTAGTTATAGCTGGTTGCTTAGGAAATGAATAGAAGTTCAGCCCCCCGGCTTTCTTAGGACCTTAAGGTAAAACTAATATTGTCCCAGAGAAACCAGGAGAGTTAGTCAAAGGAGGTACAGCTCCTTTGAACAAGGACACAACCTTAACAGGCGGCTAAGGATCATAGTTACCAAGGTAACCTGTTACAGTGA
e78cacb282d1da13dab5b7615ffbb32b29e07c4f,CAGCAAACCTGAGCAAAGAGAACTTTAGTTCAGGCCCCCGAAACTAGACGAGCTACTCCGGGACAGCCTATTGTAGGGCCAACCCGTCTCTGTGGCAAAAGAGTGGGACGAGCCCCGAGTAGAGGTGATAAACCTATCGAGCCTAGTTATAGCTGGTTGCTTAGGAAATGAATAGAAGTTCAGCCCCCCGGCTTTCTTAGGACCTTAAGGTAAAACTAATATTGTCCCAGAGAAACCAGGAGAGTTAGTCAAAGGAGGTACAGCTCCTTTGAACAAGGACACAACCTTAACAGGCGGCTAAGGATCATAGTTACCAAGGTAACCTGTTACAGTGG
5e1cfbfbc03a5d1c27ee51babd89dbf8b8af613c,CAGCAAACCTGAGCAAAGAGAACTTTAGTTCAGGCCCCCGAAACTAGACGAGCTACTCCGGGACAGCCTATTGCAGGGCTAACCCGTCTCTGTGGCAAAAGAGTGGGACGAGCCCCGAGTAGAGGTGATAAACCTATCGAGCCTAGTTATAGCTGGTTGCTTAGGAAATGAATAGAAGTTCAGCCCCCCGGCTTTCTTAGGACCTTAAGGTAAAACTAATATTGTCCCAAAGAAACCAGGAGAGTTAGTCAAAGGAGGTACAGCTCCTTTGAACAAGGACACAACCTTAACAGGCGGCTAAGGATCATAATTACTAAGGTAACCTGTTACAGTGG
5fc1fbd87aa8f05381a888df4d3b5be4a13fe43a,TAGTAATAATCAGGCAAAGGGAACTTTAGTCGGATGCCCCGAAACTAAGTGAGCTACTCCAAGACAGCCTATTAATAGGGCACACCCGTCTCTGTGGCAAAAGAGTGGGAAGAGCTTCGAGTAGAGGTGATAGACCTACCGAACTTAGTTATAGCTGGTTGTCTGGGAATTGGATAGGAGTTCAGCCTCCCGGCTTCTTATTTCATCTCCGTCTTTGCACCTACAGATCTTAAAGAAACCGCGAGAGTTAGCCAAAGGGGGTACAGCCCCTTTGAAACAAGACACAACTTTTCCAGGAGGGTAAAGATCATAGTAACAAAAGTAAAATGTTTTGGTGG
9ebdcafe0e7a5b57776319a772d87124f91655b1,CAGTGTAGCCCAAGCAAAGAGCACTTTAGTTTGATAACCCGAAACTAAGTGAGCTACTCCAAGACAGCCTATTAATAGGGCAAACCCGTCTCTGTGGCAAAAGAGTGGGAAGAGCTTTGAGTAGAGGTGACAGACCTACCGAACTTAGTTATAGCTGGTTGCCTGGGAATTGGATAGAAGTTCAGCCTCCCGAATTCTTTATTCACATCAGTCTCACCCCTCCTGATACCCCTAAGAAGCCGAGAGAGTTAGTCAAAGGGGGTACAGCCCCTTTGAACCAAGACACAACTTTTCCAGGAGGGTAAAGATCATAATAAATTAAGGTAAAATATTTTGGTGA
7f56179d39ca04d9c1f654bb6349c59ac358f50c,CAGCAAACCTGAGCAAAGAGAACTTTAGTTCAGGCCCCCGAAACTAGACGAGCTACTCCGGGACAGCCTATTATAGGGCTAACCCGTCTCTGTGGCAAAAGAGTGGGACGAGCCCCGAGTAGAGGTGATAAACCTATCGAGCCTAGTTATAGCTGGTTGCTTAGGAAATGAATAGAAGTTCAGCCCCCCGGCTTTCTTAGGACCTTGAGGTAAAACTAATATTGTCCCAAAGAAACCAGGAGAGTTAGTCAAAGGAGGTACAGCTCCTTTGAACAAGGACACAACCTTAACAGGCGGCTAAGGATCATAATTACTAAGGTAACCTGTTACAGTGG
18c826654ec1d76cc856b35ce4e75549def1818f,CAGTGTAGCCCAAGCAAAGAGCACTTTAGTTTGATAACCCGAAACTAAGTGAGCTACTCCAAGACAGCCTATTAATAGGGCAAACCCGTCTCTGTGGCAAAAGAGTGGGAAGAGCTTTGAGTAGAGGTGACAGACCTACCGAACTTAGTTATAGCTGGTTGCCTGGGAATTGGATAGAAGTTCAGCCTCCCGAATTCTTTATTCACATCAGTCTCACCCCTCCTGATACCCCTAAGAAGCCGAGAGAGTTAGTCAAAGGGGGTACAGCCCCTTTGAACCAAGACACAACTTTTCCAGGAGGGTAAAGATCATAATGAATTAAGGTAAAATATTTTGGTGG
49d1c6d754110f5d6709800a400fd383228acce8,AAGTGTACCTCAAGCAAAGCGAACTTTAGTTTGACGTCCCGAAACTACGTGAGCTACTCCAAGACAGCCTATTAATAGGGCACACCCGTCTCTGTAGCAAAAGAGTGGAGAGAGCTTTGAGTAGAGGTGACAAACCTACCGAACCTAGTTATAGCTGGTTGTCCAAGAAATGAATAGAAGTTCAGCCTCTTAGCTTCTCTTTTCACACTAGTTTAACCCCTAATTGATACCTTAAAGAAACCAAGAGAGTTAGTCAAAGGGGGTACAGCCCCTTTGAACCAAGACACAACTTTATTAGGCGGGTAAAGATCATAATAACTAAAGCTAAGTGTTCTGGCGG
ecf469d00fac1052d28f063710713c13bf303fdd,AAGAACAACCAAGCAAAGTGAACTGAAGTTTGCCATCCCGAAACCCAAGCGAGCTACTTACGAGCAGCTATTAGAGCGAACCCGTCTCTGTTGCAAAAGAGTGGGATGACTTGTCAGTAGAGGTGAAAAGCCAACCGAGCTGGGTGATAGCTGGTTACCTGTGAAATGAATCTAAGTTCTCCCTTAATCTTCCCTACCGGACAACACCCAGAACCACAATGAGATGATTAAGAGCTATTTAATGGAGGTACAGCTCCATTAAAAAAGGACACAACCTCGACTAGTGGATAAATCTAATCACCAACCTTACTGTGG
8a0ca07c74912da614fd5078c946dd1ba58ac338,CAGCAAACCTGAGCAAAGAGAACTTTAGTTCAGGCCCCCGAAACTAGACGAGCTACTCCGGGACAGCCTATTGTAGGGCTAACCCGTCTCTGTGGCAAAAGAGTGGGAAGAGCCCCGAGTAGAGGTGATAAACCTATCGAGCCTAGTTATAGCTGGTTGCTTAGGAAATGAATAGAAGTTCAGCCCCCCGGCTTTCTTAGGACCTTAAGGTAAAACTAATATTGTCCCAGAGAAACCAGGAGAGTTAGTCAAAGGAGGTACAGCTCCTTTGAACAAGGACACAACCTTAACAGGCAGCTAAGGATCATAGTTACCAAGGTAACCTGTTACAGTGG
95e5c105d39e412b5f064c423aaba6241854940b,AAGTGTACCTCAAGCAAAGCGAACTTTAGTTTGACGTCCCGAAACTACGTGAGCTACTCCAAGACAGCCTATTAACAGGGCACACCCGTCTCTGTAGCAAAAGAGTGGAGAGAGCTTTGAGTAGAGGTGACAAACCTACCGAACCTAGTTATAGCTGGTTGTCCAAGAAATGAATAGAAGTTCAGCCTCTTAGCTTCTCTTTTCACACTAGTTTAACCCCTAATTGATACCTTAAAGAAACCAAGAGAGTTAGTCAAAGGGGGTACAGCCCCTTTGAACCAAGACACAACTTTATTAGGCGGGTAAAGATCATAATAACTAAAGCTAAGTGTTCTGGTGG
bba443dacc4e0ae20254cdd4acffb726ecb6dd84,CAGCAAACCTGAGCAAAGAGAACTTTAGTTCAGGCCCCCGAAACTAGACGAGCTACTCCGGGACAGCCTATTGTAGGGCTAACCCGTCTCTGTGGCAAAAGAGTAGGACGAGCCCCGAGTAGAGGTGATAAACCTATCGAGCCTAGTTATAGCTGGTTGCTTAGGAAATGAATAGAAGTTCAGCCCCCCGGCTTTCTTAGGACCTTAAGGTAAAACTAATATTGTCCCAGAGAAACCAGGAGAGTTAGTCAAAGGAGGTACAGCTCCTTTGAACAAGGACACAACCTTAACAGGCGGCTAAGGATCATAGTTACCAAGGTAACCTGTTACAGTGG
b48faa17eecc148f3d92eac47251f88bfe7f5804,CAGCAAACCTGAGCAAAGAGAACTTTAGTTCAGGCCCCCGAAACTAGACGAGCTACTCCGGGACAGCCTATTGTAGGGCTAACCCGTCTCTGTGGCAAAAGAGTGGGAATAGCCCCGAGTAGAGGTGATAAACCTATCGAGCCTAGTTATAGCTGGTTGCTTAGGAAATGAATAGAAGTTCAGCCCCCCGGCTTTCTTAGGACCTTAAGGTAAAACTAATATTGTCCCAGAGAAACCAGGAGAGTTAGTCAAAGGAGGTACAGCTCCTTTGAACAAGGACACAACCTTAACAGGCGGCTAAGGATCATAGTTACCAAGGTAACCTGTTACAGTGG
ce3f8d18ca51d269fa7bc85fb67d7390f9c80ae0,CAGCAAACCTGAGCAAAGAGAACTTTAGTTCAGGCCCCCGAAACTAGACGAGCTACTCCGGGACAGCCTATTGTAGGGCTAACCCGTCTATGTGGCAAAAGAGTGGGACGAGCCCCGAGTAGAGGTGATAAACCTATCGAGCCTAGTTATAGCTGGTTGCTTAGGAAATGAATAGAAGTTCAGCCCCCCGGCTTTCTTAGGACCTTAAGGTAAAACTAATATTGTCCCAGAGAAACCAGGAGAGTTAGTCAAAGGAGGTACAGCTCCTTTGAACAAGGACACAACCTTAACAGGCGGCTAAGGATCATAGTTACCAAGGTAACCTGTTACAGTGG
f79ac1c4f5c5d93b73ad0b29ee45664fc9a10523,AAGAACAACCAAGCAAAGTGAACTGAAGTTTGCCATCCCGAAACCCAAGCGAGCTACTTACGAGCAGCTATTAGAGCGAACCCGTCTCTGTTGCAAAAGAGTGGGATGACTTGTCAGTAGAGGTGAAAAGCCAACCGAGCTGGGTGATAGCTGGTTACCTGTGAAACGAATCTAAGTTCTCCCTTAATCTTCCCTACCGGACAACACCCAGAACCACAATGAGATGATTAAGAGCTATTTAATGGAGGTACAGCTCCATTAAAAAAGGACACAACCTCGACTAGTGGATAAATCTAATCACCAACCTTACTGTGG
326a6f7516e2d30e49d1b8d7d7fc6825b7d5ab67,CAGCACACCTAAGCAAAGAGAACTTTAGTTTAGGCCCCCGAAACTAGACGAGCTACTCCGGGACAGCCTATTGTAGGGCCAACCCGTCTCTGTGGCAAAAGAGTGGGACGAGCCCCGAGTAGAGGTGATAAACCTATCGAGCCTAGTTATAGCTGGTTGCTTAGGAAATGAATAGAAGTTCAGCCCCCCGGCTTTCTTAGGACCTTAAGGTAAAACTAATATTGTCCCAAAGAAACCAGGAGAGTTAGTCAAAGGAGGTACAGCTCCTTTGAACAAGGACACAACCTTAACAGGCGGCTAAGGATCATAGTTACCAAGGTAACCTGTTACAGTGG
69603d8a7ce12b95541313d63f260469882b8afa,CAGCAAACCTGAGCAAAGAGAACTTTAGTTCAGGCCCCCGAAACTAGACGAGCTACTCCGGGACAGCCTATTGTAGGGCTAACCCGTCTCTGTGGCAAAAGAGTGGGAAGAGCCCCGAGTAGAGGTGATAAACCTATCAAGCCTAGTTATAGCTGGTTGCTTAGGAAATGAATAGAAGTTCAGCCCCCCGGCTTTCTTAGGACCTTAAGGTAAAACTAATATTGTCCCAGAGAAACCAGGAGAGTTAGTCAAAGGAGGTACAGCTCCTTTGAACAAGGACACAACCTTAACAGGCGGCTAAGGATCATAGTTACCAAGGTAACCTGTTACAGTGG
0340f74702d0acb3d9a9dc7420e835d7458a293d,CAGCAAACCTGAGCAAAGAGAACTTTAGTTCAGGCCCCCGAAACTAGACGAGCTACTCCGGGACAGCCTATTGTAGGGCTAACCCGTCTCTGTGGCAAAGGAGTGGGAAGAGCCCCGAGTAGAGGTGATAAACCTATCGAGCCTAGTTATAGCTGGTTGCTTAGGAAATGAATAGAAGTTCAGCCCCCCGGCTTTCTTAGGACCTTAAGGTAAAACTAATATTGTCCCAGAGAAACCAGGAGAGTTAGTCAAAGGAGGTACAGCTCCTTTGAACAAGGACACAACCTTAACAGGCGGCTAAGGATCATAGTTACCAAGGTAACCTGTTACAGTGG
1cb3c34534b19449d3435eb3db5003b1701e8b35,AAGTGTACCTCAAGCAAAGCGAACTTTAGTTTGACGTCCCGAAACTACGTGAGCTACTCCAAGACAGCCTATTAATAGGGCACACCCGTCTCTGTAGCAAAAGAGTGGAGAGAGCTTTGAGTAGAGGTGACAAACCTACCGAACCTAGTTATAGCTGGTTGTCCAAGAAATGAATAGAAGTTCAGCCTCTTAGCTTCTCTTTTCACACTAGTTTAACCCCTAATTGATACCTTAAAGAAACCAAGAGAGTTAGTCAAAGGGGGTACAGCCCCTTTGAACCAAGACACAACTTTATTAGGCGGGTAAAGATCATAATAACTAAGGCTAAGTGTTCTGGTGG
ff5da03589f03bef0eb350d0f95244d5e1c57c54,CAGCACACCTGAGCAAAGAGAACTTTAGTTTAGGCCCCCGAAACTAGACGAGCTACTCCGGGACAGCCTATTGTAGGGCCAACCCGTCTCTGTGGCAAAAGAGTGGGACGAGCCCCGAGTAGAGGTGATAAACCTATCGAGCCTAGTTATAGCTGGTTGCTTAGGAAATGAATAGAAGTTCAGCCCCCCGGCTTTCTTAGGGCCTTAAGGTAAAACTAATATTGTCCCAAAGAAACCAGGAGAGTTAGTCAAAGGAGGTACAGCTCCTTTGAACAAGGACACAACCTTAACAGGCGGCTAAGGATCATAGTTACCAAGGTAACCTGTTACAGTGG
81985fa1dc5f97617c32ed9bbf69b56ece0c2192,AAGTGTACCTCAAGCAAAGCGAACTTTAGTTTGACGTCCCGAAACTACGTGAGCTACTCCAAGACAGCCTATTAATAGGGCACATCCGTCTCTGTAGCAAAAGAGTGGAGAGAGCTTTGAGTAGAGGTGACAAACCTACCGAACCTAGTTATAGCTGGTTGTCCAAGAAATGAATAGAAGTTCAGCCTCTTAGCTTCTCTTTTCACACTAGTTTAACCCCTAATTGATACCTTAAAGAAACCAAGAGAGTTAGTCAAAGGGGGTACAGCCCCTTTGAACCAAGACACAACTTTATTAGGCGGGTAAAGATCATAATAACTAAAGCTAAGTGTTCTGGTGG
ed94784a83f69775f3d10d63c9511fab27c74ad9,TAGTAATCATCAGGCAAAGGGAACTTTAGTCGGATGCCCCGAAACTAAGTGAGCTACTCCAAGACAGCCTATTAATAGGGCACACCCGTCTCTGTGGCAAAAGAGTGGGAAGAGCTTCGAGTAGAGGTGATAGACCTACCGAACTTAGTTATAGCTGGTTGTCTGGGAATTGGATAGGAGTTCAGCCTCCCGGCTTCTTATTTCATCTCCGTCTTTGCACCTACAGATCTTAAAGAAACCGCGAGAGTTAGCCAAAGGGGGTACAGCCCCTTTGAAACAAGACACAACTTTTCCAGGAGGGTAAAGATCATAGTAACAAAAGTAAAATGTTTTGGTGG
fc86ef5bf92be7229560badeea52216f16632c6e,CAGCAAACCTGAGCAAAGAGAACTTTAGTTCAGGCCCCCGAAACTAGGCGAGCTACTCCGGGACAGCCTATTGTAGGGCTAACCCGTCTCTGTGGCAAAAGAGTGGGACGAGCCCCGAGTAGAGGTGATAAACCTATCGAGCCTAGTTATAGCTGGTTGCTTAGGAAATGAATAGAAGTTCAGCCCCCCGGCTTTCTTAGGACCTTAAGGTAAAACTAATATTGTCCCAGAGAAACCAGGAGAGTTAGTCAAAGGAGGTACAGCTCCTTTGAACAAGGACACAACCTTAACAGGCGGCTAAGGATCATAGTTACCAAGGTAACCTGTTACAGTGG
f0ed2fb7a97ac0047fc435389ab467be084d6d00,CAGCACACCTGAGCAAAGAGAACTTTAGTTTAGGCCCCCGAAACTAGACGAGCTACTCCGGGACAGCCTATTGTAGGGCCAACCCGTCTCTGTGGCAAAAGAGTGGGGCGAGCCCCGAGTAGAGGTGATAAACCTATCGAGCCTAGTTATAGCTGGTTGCTTAGGAAATGAATAGAAGTTCAGCCCCCCGGCTTTCTTAGGACCTTAAGGTAAAACTAATATTGTCCCAAAGAAACCAGGAGAGTTAGTCAAAGGAGGTACAGCTCCTTTGAACAAGGACACAACCTTAACAGGCGGCTAAGGATCATAGTTACCAAGGTAACCTGTTACAGTGG
00ddd86d153838aac089914ad63cb9fce307fd61,CAGCAAACCTGAGCAAAGAGAACTTTAGTTCAGGCCCCCGAAACTAGACGAGCTACTCCGGGACAGCCTATTATAGGGCTAACCCGTCTCTGTGGCAAAAGAGTGGGACGAGCCCCGAGTAGAGGTGATAAACCTATCGAGCCTAGTTATAGCTGGTTGCTTAGGAAATGAATAGAAGTTCAGCCCCCCGGATTTCTTAGGACCTTGAGGTAAAACTAATATTGTCCCAAAGAAACCAGGAGAGTTAGTCAAAGGAGGTACAGCTCCTTTGAACAAGGACACAACCTTAACAGGCGGCTAAGGATCATAATTACTAAGGTAACCTGTTACAGTGG
7ef02e0ea4a35f54685cc122c1422e7d0b218e7b,AAGTGTACCTCAAGCAAAGCGAACTTTAGTTTGACGTCCCGAAACTACGTGAGCTACTCCAAGACAGCCTATTAATAGGGCACACCCGTCTCTGTAGCAAAAGAGTGGAGAGAGCTTTGAGTAGAGGTGACAAACCTACCGAACCTAGTTATAGCTGATTGTCCAAGAAATGAATAGAAGTTCAGCCTCTTAGCTTCTCTTTTCACACTAGTTTAACCCCTAATTGATACCTTAAAGAAACCAAGAGAGTTAGTCAAAGGGGGTACAGCCCCTTTGAACCAAGACACAACTTTATTAGGCGGGTAAAGATCATAATAACTAGAGCTAAGTGTTCTGGTGG
c4fe1c79ce367dbc3b8b3b4c8de39a1577c6004b,AAGTGTACCTCAAGCAAAGCGAACTTTAGTTTGACGTCCCGAAACTACGTGAGCTACTCCAAGACAGCCTATTAATAGGGCACACCCGTCTCTGTAGCAAAAGAGTGGAGAGAGCTTTGAGTAGAGGTGACAAACCTACCGAACCTAGTTATAGCTGGTTGTCCAAGAAATGAATAGAAGTTCAGCCTCTTAGCTTCTCTTTTCACACTAGTTTAACCCCTAATTGATACCTTAAAGAAACCAAGAGAGTTAGTCAAAGGGGGTACAGCCCCTTTGAACCAAGACACAACTTTATTAGGCGGGTAAAGATCATAATAACTAGAGCTAAGTGTTCTGGTGG
8b8395144b7aff167ef61f01f632a41f7824e029,CAGCAAACCTGAGCAAAGAGAACTTTAGTTCAGGCCCCCGAAACTAGACGAGCTACTCCGGGACAGCCTATTGTAGGGCTAACCAGTCTCTGTGGCAAAAGAGTGGGACGAGCCCCGAGTAGAGGTGATAAACCTATCGAGCCTAGTTATAGCTGGTTGCTTAGGAAATGAATAGAAGTTCAGCCCCCCGGCTTTCTTAGGACCTTAAGGTAAAACTAATATTGTCCCAGAGAAACCAGGAGAGTTAGTCAAAGGAGGTACAGCTCCTTTGAACAAGGACACAACCTTAACAGGCGGCTAAGGATCATAGTTACCAAGGTAACCTGTTACAGTGG
a8c49098ac30e5dd5c997fcb17494e3c763ed061,CAGTGTAGCCCAAACAAAGAGCACTTTAGTTTGATAACCCGAAACTAAGTGAGCTACTCCAAGACAGCCTATTAATAGGGCAAACCCGTCTCTGTGGCAAAAGAGTGGGAAGAGCTTTGAGTAGAGGTGACAGACCTACCGAACTTAGTTATAGCTGGTTGCCTGGGAATTGGATAGAAGTTCAGCCTCCCGAATTCTTTATTCACATCAGTCTCACCCCTCCTGATACCCCTAAGAAGCCGAGAGAGTTAGTCAAAGGGGGTACAGCCCCTTTGAACCAAGACACAACTTTTCCAGGAGGGTAAAGATCATAATAAATTAAGGTAAAATATTTTGGTGG
d2f74ff65dae4e68436fc09d35c8a3128386e501,CAGCAAACCTGAGCAAAGAGGACTTTAGTTCAGGCCCCCGAAACTAGACGAGCTACTCCGGGACAGCCTATTGTAGGGCTAACCAGTCTCTGTGGCAAAAGAGTGGGACGAGCCCCGAGTAGAGGTGATAAACCTATCGAGCCTAGTTATAGCTGGTTGCTTAGGAAATGAATAGAAGTTCAGCCCCCCGGCTTTCTTAGGACCTTAAGGTAAAACTAATATTGTCCCAGAGAAACCAGGAGAGTTAGTCAAAGGAGGTACAGCTCCTTTGAACAAGGACACAACCTTAACAGGCGGCTAAGGATCATAGTTACCAAGGTAACCTGTTACAGTGG
ec686e809d8a9738cbf67ed05ec8e54811393c25,AAGTGTACCTCAAGCAAAGCGAACTTTAGTTTGACGTCCCGAAACTACGTGAGCTACTCCAAGACAGCCTATTAATAGGGCGCACCCGTCTCTGTAGCAGAAGAGTGGAGAGAGCTTTGAGTAGAGGTGACAAACCTACCGAACCTAGTTATAGCTGGTTGTCCAAGAAATGAATAGAAGTTCAGCCTCTTAGCTTCTCTTTTCACACTAGTTTAACCCCTAATTGATACCTTAAAGAAACCAAGAGAGTTAGTCAAAGGGGGTACAGCCCCTTTGAACCAAGACACAACTTTATTAGGCGGGTAAAGATCATAATAACTAAAGCTAAGTGTTCTGGTGG
168a686436b8a4e9ffe953677bef3c328cd99436,CAGTGTAGCCCAAGCAAAGAGCACTTTAGTTTGATAACCCGAAACTAAGTGAGCTACTCCAAGACAGCCTATTAATAGGGCAAACCCGTCTCTGTGGCAAAAGAGTGGGAAGAGCTTTGAGTAGAGGTGACAGACCTACCGAACTTAGTTATAGCTGGTTGCCTGGGAATTGGATAGAAGTTCAGCCTCCCGAATTCTTTATTCACATCAGTCTCACCCCTCCTGATACCCCTAAGAAGTCGAGAGAGTTAGTCAAAGGGGGTACAGCCCCTTTGAACCAAGACACAACTTTTCCAGGAGGGTAAAGATCATAATAAATTAAGGTAAAATATTTTGGTGG
e4c7e61e36f5cde5de9e498fe68a3fc5d2f10b6b,CAGTGTAGCCCAAGCAAAGAGCACTTTAGTTTGATAACCCGAAACTAAGTGAGCTACTCCAAGACAGCCTATTAATAGGGCAAACCCGTCTCTGTGGCAAAAGAGTGGGAAGAGCTTTGAGTAGAGGTGACAGACCTACCGAACTTAGTTATAGCTGGTTGCCTGGGAATTGGATAGAAGTTCAGCCTCCCGAATTCTTTATTCACATCAGTCTCACCCCTCCTGATACCCCTAAGAAGCCGAGAGAGTTAGTCAAAGAGGGTACAGCCCCTTTGAACCAAGACACAACTTTTCCAGGAGGGTAAAGATCATAATAAATTAAGGTAAAATATTTTGGTGG
aace0fd13d94ac860eb693ed6ff8cbf7ea16db80,CAGTGTAGCCCAAGCAAAGAGCACTTTAGTTTGATAACCCGAAACTAAGTGAGCTACCCCAAGACAGCCTATTAATAGGGCAAACCCGTCTCTGTGGCAAAAGAGTGGGAAGAGCTTTGAGTAGAGGTGACAGACCTACCGAACTTAGTTATAGCTGGTTGCCTGGGAATTGGATAGAAGTTCAGCCTCCCGAATTCTTTATTCACATCAGTCTCACCCCTCCTGATACCCCTAAGAAGCCGAGAGAGTTAGTCAAAGGGGGTACAGCCCCTTTGAACCAAGACACAACTTTTCCAGGAGGGTAAAGATCATAATAAATTAAGGTAAAATATTTTGGTGG
acf0f830a913c2ea4a2059f8bdf041d21ea2bfbd,CAGCACACCTGAGCAAAGAGAACTTTAGTTTAGGCCCCCGAAACTAGACGAGCTACTCCGGGACAGCCTATTGTAGGGCCAACCCGTCTCTGTGGCAAAAGAGTGGGACGAGCCCCGAGTAGAGGTGATAAACCTATCGAGCCTAGTTATAGCTGGTTGCTTAGGAAATGAATAGAAGTTCAGCCCCCCGGCTTTCTTAGGACCTTAAGGTAAAACTAATATTGTCCCAAAGAAACCTGGAGAGTTAGTCAAAGGAGGTACAGCTCCTTTGAACAAGGACACAACCTTAACAGGCGGCTAAGGATCATAGTTACCAAGGTAACCTGTTACAGTGG
d2472a8d281c95616108ba0408ff68fb664d3129,CAGCAAACCTGAGTAAAGAGAACTTTAGTTCAGGCCCCCGAAACTAGACGAGCTACTCCGGGACAGCCTATTGTAGGGCTAACCCGTCTCTGTGGCAAAAGAGTGGGAAGAGCCCCGAGTAGAGGTGATAAACCTATCGAGCCTAGTTATAGCTGGTTGCTTAGGAAATGAATAGAAGTTCAGCCCCCCGGCTTTCTTAGGACCTTAAGGTAAAACTAATATTGTCCCAGAGAAACCAGGAGAGTTAGTCAAAGGAGGTACAGCTCCTTTGAACAAGGACACAACCTTAACAGGCGGCTAAGGATCATAGTTACCAAGGTAACCTGTTACAGTGG
4f583563618fefaec3ecde51a22085f6a3ea2808,CAGCACACCTGAGCAAAGAGAACTTTAGTTTAGGCCCCCGAAACTAGACGAGCTACTCCGGGACAGCCTATTGTAGGGCCAACCCGTCTCTGTGGCAAAAGAGTGGGACGAGCCCCGAGTAGAGGTGATAAACCTATCGAGCCTAGTTATAGCTGGTTGCTTAGGAAATGAATAGAAGTTCAGCCCCCCGGCTTTCTTAGGACCTTAAGGTAAAACTAATATTGTCCCAAAGAAACCAGGAGAGTCAGTCAAAGGAGGTACAGCTCCTTTGAACAAGGACACAACCTTAACAGGCGGCTAAGGATCATAGTTACCAAGGTAACCTGTTACAGTGG
ed65746178afccfdbc7e440ca5d8c81733364d8a,AAGTGTACCTCAAGCAAAGCGAACTTTAGTTTGACGTCCCGAAACTACGTGAGCTACTCCAAGACAGCCTATTAATAGGGCGCACCCGTCTCTGTAGCAAAAGAGTGGAGAGAGCTTTGAGTAGAGGTGACAAACCTACCGAACCTAGTTATAGCTGGTTGTCCAAGAAATGAATAGAAGTTCAGCCTCTTAGCTTCTCTTTTCACACTAGTTTAACCCCTAATTGATACCTTAAAGAAACCAAGAGAGTTAGTCAAAGGGGGTACAGCCCCTTTGAACCAAGACACAACTTTATTAGGCGGGTAAAGATCATAATAACTAAAGCTAAGTGTTCTGGTGG
cebdd744614a01da9815f040d45e58d53064feb3,CAGCAAACCTGAGCAAAGAGAACTTTAGTTCAGGCCCCCGAAACTAGACGAGCTACTCCGGGACAGCCTATTGTAGGGCTAACCAGTCTCTGTGGCAAAAGAGTGGGAAGAGCCCCGAGTAGAGGTGATAAACCTATCGAGCCTAGTTATAGCTGGTTGCTTAGGAAATGAATAGAAGTTCAGCCCCCCGGCTTTCTTAGGACCTTAAGGTAAAACTAATATTGTCCCAGAGAAACCAGGAGAGTTAGTCAAAGGAGGTACAGCTCCTTTGAACAAGGACACAACCTTAACAGGCGGCTAAGGATCATAGTTACCAAGGTAACCTGTTACAGTGG
e1eae85fda4f3232050e0bde65f0474923561d6c,CAGTGTAGCCCAAGCAAAGAGCACTTTAGTTTGATAACCCGAAACTAAGTGAGCTACTCCAAGACAGCCTATTAATAGGGCAAACCCGTCTCTGTGGCAAAAGAGTGGGAAGAGCTTTGAGTAGAGGTGACAGACCTACCGAACTTAGTTATAGCTGGTTGCCTGGGAATTGGATAGAAGTTCAGCCTCCCGAATTCTTTATTCGCATCAGTCTCACCCCTCCTGATACCCCTAAGAAGCCGAGAGAGTTAGTCAAAGGGGGTACAGCCCCTTTGAACCAAGACACAACTTTTCCAGGAGGGTAAAGATCATAATAAATTAAGGTAAAATATTTTGGTGG
5ba8556037e6a162dc28431db71547d90e2169a5,CAGCACACCTGAGCAAAGAGAACTTTAGTTTAGGCCCCCGAAACTAGACGAGCTACCCCGGGACAGCCTATTGTAGGGCCAACCCGTCTCTGTGGCAAAAGAGTGGGACGAGCCCCGAGTAGAGGTGATAAACCTATCGAGCCTAGTTATAGCTGGTTGCTTAGGAAATGAATAGAAGTTCAGCCCCCCGGCTTTCTTAGGACCTTAAGGTAAAACTAATATTGTCCCAAAGAAACCAGGAGAGTTAGTCAAAGGAGGTACAGCTCCTTTGAACAAGGACACAACCTTAACAGGCGGCTAAGGATCATAGTTACCAAGGTAACCTGTTACAGTGG
7e133805a5bdc2447a636c692a551950de34536b,CAGTGTAGCCCAAGCAAAGAGCACTTTAGTTTGATAACCCGAAACTAAGTGAGCTACTCCAAGACAGCCTATTAATAGGGCAAACCCGTCTCTGAGGCAAAAGAGTGGGAAGAGCTTTGAGTAGAGGTGACAGACCTACCGAACTTAGTTATAGCTGGTTGCCTGGGAATTGGATAGAAGTTCAGCCTCCCGAATTCTTTATTCACATCAGTCTCACCCCTCCTGATACCCCTAAGAAGCCGAGAGAGTTAGTCAAAGGGGGTACAGCCCCTTTGAACCAAGACACAACTTTTCCAGGAGGGTAAAGATCATAATAAATTAAGGTAAAATATTTTGGTGG
13fc684c79cebba17d1b779c7acf1ae6c405e319,CGGCAAACCTGAGCAAAGAGAACTTTAGTTCAGGCCCCCGAAACTAGACGAGCTACTCCGGGACAGCCTATTGTAGGGCTAACCCGTCTCTGTGGCAAAAGAGTGGGAAGAGCCCCGAGTAGAGGTGATAAACCTATCGAGCCTAGTTATAGCTGGTTGCTTAGGAAATGAATAGAAGTTCAGCCCCCCGGCTTTCTTAGGACCTTAAGGTAAAACTAATATTGTCCCAGAGAAACCAGGAGAGTTAGTCAAAGGAGGTACAGCTCCTTTGAACAAGGACACAACCTTAACAGGCGGCTAAGGATCATAGTTACCAAGGTAACCTGTTACAGTGG
c172edb593d7290bed66203b389d79285aa79ff8,CAGCAAACCTGAGCAAAGAGAACTTTAGTTCAGGCCCCCGGAACTAGACGAGCTACTCCGGGACAGCCTATTGTAGGGCTAACCCGTCTCTGTGGCAAAAGAGTGGGACGAGCCCCGAGTAGAGGTGATAAACCTATCGAGCCTAGTTATAGCTGGTTGCTTAGGAAATGAATAGAAGTTCAGCCCCCCGGCTTTCTTAGGACCTTAAGGTAAAACTAATATTGTCCCAGAGAAACCAGGAGAGTTAGTCAAAGGAGGTACAGCTCCTTTGAACAAGGACACAACCTTAACAGGCGGCTAAGGATCATAGTTACCAAGGTAACCTGTTACAGTGG
f4b1baaf04a01b98da4a6deb5f74059329c5d984,CAGCACACCTGAGCAAAGAGAACTTTAGTTTAGGCCCCCGAAACTAGACGGGCTACTCCGGGACAGCCTATTGTAGGGCCAACCCGTCTCTGTGGCAAAAGAGTGGGACGAGCCCCGAGTAGAGGTGATAAACCTATCGAGCCTAGTTATAGCTGGTTGCTTAGGAAATGAATAGAAGTTCAGCCCCCCGGCTTTCTTAGGACCTTAAGGTAAAACTAATATTGTCCCAAAGAAACCAGGAGAGTTAGTCAAAGGAGGTACAGCTCCTTTGAACAAGGACACAACCTTAACAGGCGGCTAAGGATCATAGTTACCAAGGTAACCTGTTACAGTGG
35db48eec310c38efa37174d14444237eba865b7,CAGCAAACCTGAGCAAAGAGAACTTTAGTTCAGGCCCCCGAAACTAAACGAGCTACTCCGGGACAGCCTATTGTAGGGCTAACCCGTCTCTGTGGCAAAAGAGTGGGACGAGCCCCGAGTAGAGGTGATAAACCTATCGAGCCTAGTTATAGCTGGTTGCTTAGGAAATGAATAGAAGTTCAGCCCCCCGGCTTTCTTAGGACCTTAAGGTAAAACTAATATTGTCCCAGAGAAACCAGGAGAGTTAGTCAAAGGAGGTACAGCTCCTTTGAACAAGGACACAACCTTAACAGGCGGCTAAGGATCATAGTTACCAAGGTAACCTGTTACAGTGG
45d14921e44bbe364c2137940fd6092745b3f70b,CAGCAAACCTGAGCAAAGAGAACTTTAGTTCAGGCCCCCGAAACTAGACGAGCTACTCCGGGACAGCCTATTGTAGGGCTAACCCGTCTCTGTGGCAAAAGAGTGGGGCGAGCCCCGAGTAGAGGTGATAAACCTATCGAGCCTAGTTATAGCTGGTTGCTTAGGAAATGAATAGAAGTTCAGCCCCCCGGCTTTCTTAGGACCTTAAGGTAAAACTAATATTGTCCCAGAGAAACCAGGAGAGTTAGTCAAAGGAGGTACAGCTCCTTTGAACAAGGACACAACCTTAACAGGCGGCTAAGGATCATAGTTACCAAGGTAACCTGTTACAGTGG
e7b3123304f5fd2c2037108c391dcc6110d738fd,CAGCAAACCTGAGCAAAGAGAACTTTAGTTCAGGCCCCCGAAACTAGACGAGCTACTCCGGGACAGCCTATTGTAGGGCTAACCCGTCTCTGTGGCAAAAGAGTGGGACGAGCCCCGAGTAGAGGTGATAAGCCTATCGAGCCTAGTTATAGCTGGTTGCTTAGGAAATGAATAGAAGTTCAGCCCCCCGGCTTTCTTAGGACCTTAAGGTAAAACTAATATTGTCCCAGAGAAACCAGGAGAGTTAGTCAAAGGAGGTACAGCTCCTTTGAACAAGGACACAACCTTAACAGGCGGCTAAGGATCATAGTTACCAAGGTAACCTGTTACAGTGG
8fe809ad362709df5e8ae3555ce187f1a44880f4,CAGCAAACCTTAGCAAAGAGAACTTTAGTTCAGGCCCCCGAAACTAGACGAGCTACTCCGGGACAGCCTATTGTAGGGCTAACCCGTCTCTGTGGCAAAAGAGTGGGAAGAGCCCCGAGTAGAGGTGATAAACCTATCGAGCCTAGTTATAGCTGGTTGCTTAGGAAATGAATAGAAGTTCAGCCCCCCGGCTTTCTTAGGACCTTAAGGTAAAACTAATATTGTCCCAGAGAAACCAGGAGAGTTAGTCAAAGGAGGTACAGCTCCTTTGAACAAGGACACAACCTTAACAGGCGGCTAAGGATCATAGTTACCAAGGTAACCTGTTACAGTGG
628acac1185194001d033f1d50c0f9f15fb23544,CAGTGTAGCCCAAGCAAAGAGCACTTTAGTTTGATAACCCGAAACTAAGTGAGCTACTCCAAGACAGCCTATTAATAGGGCAAACCCGTCTCTGTGGCAAAAGAGTGGGAAGAGCTTTGAGTAGAGGTGACAGACCTACCGAACTTAGTTATAGCTGGTTGCCTGGGAATTGGATAGAAGTTCAGCCTCCCGAATTCTTTATTCACATCAGTCTCACCCCTCCTGATACCCCTAAGAAGCCGAGAGAGTTAGTCAAAGGGGGTACAGCCCCTTTGAACCAAGACACAACTTTTCCAGGAGGGTAAAGATCATAATAAATTAAGGTAAAATATCTTGGTGG
d174e024318b55ca44f22b4992ac7298577f8a9d,CAGCAAACCTGAGCAAAGAGAACTTTAGTTCAGGCCCCCGAAACTAGACGAGCTACTCCAGGACAGCCTATTGTAGGGCTAACCCGTCTCTGTGGCAAAAGAGTGGGAAGAGCCCCGAGTAGAGGTGATAAACCTATCGAGCCTAGTTATAGCTGGTTGCTTAGGAAATGAATAGAAGTTCAGCCCCCCGGCTTTCTTAGGACCTTAAGGTAAAACTAATATTGTCCCAGAGAAACCAGGAGAGTTAGTCAAAGGAGGTACAGCTCCTTTGAACAAGGACACAACCTTAACAGGCGGCTAAGGATCATAGTTACCAAGGTAACCTGTTACAGTGG
fcdd1c264f6d164cee2c09ad22dac7038ae9f50c,CAGCAAACCTGAGCAAAGAGAACTTTAGTTCAGGCCCCCGAAACTAGACGAGCTACTCCGGGACAGCCTATTGTAGGGCTAACCCGTCTCTGTGGTAAAAGAGTGGGAAGAGCCCCGAGTAGAGGTGATAAACCTATCGAGCCTAGTTATAGCTGGTTGCTTAGGAAATGAATAGAAGTTCAGCCCCCCGGCTTTCTTAGGACCTTAAGGTAAAACTAATATTGTCCCAGAGAAACCAGGAGAGTTAGTCAAAGGAGGTACAGCTCCTTTGAACAAGGACACAACCTTAACAGGCGGCTAAGGATCATAGTTACCAAGGTAACCTGTTACAGTGG
61b7241cd844fe1b9df5c7f6b99acf6747d1eae3,CAGCACACCTGAGCAAAGAGAACTTTAGTTTAGGCCCCCGAAACTAGACGAGCTACTCCGGGACAGCCTATTGTAGGGCCAACCCGTCTCTGTGGCAAAAGAGTGGGACGAGCCCCGAGTAGAGGTGATAAACCTATCGAGCCTAGTTATAGCTGGTTGCTTAGGAAATGAATAGAAGTTCAGCCCCCCGGCTTTCTTAGGACCTTAAAGTAAAACTAATATTGTCCCAAAGAAACCAGGAGAGTTAGTCAAAGGAGGTACAGCTCCTTTGAACAAGGACACAACCTTAACAGGCGGCTAAGGATCATAGTTACCAAGGTAACCTGTTACAGTGG
44f169f81cb451f338ad1dc02b4136c1645616bd,CAGCAAACCTGAGCAAAGAGAACTTTAGTTCAGGCCCCCGAAACTAGACGAGCTACTCCGGGACAGCCTATTGTAGGGCTAACCCGTCTCTGTGGCAAAAGAGTGGGACGAGCCCCGAGTAGAGGTGATAAACCTATCGAGCCTAGTTATAGCTGGTTGCTTAGGAAATGAATAGAAGTTCAGCCCCCCGGCTTTCTTAGGACCTTAAGGTGAAACTAATATTGTCCCAGAGAAACCAGGAGAGTTAGTCAAAGGAGGTACAGCTCCTTTGAACAAGGACACAACCTTAACAGGCGGCTAAGGATCATAGTTACCAAGGTAACCTGTTACAGTGG
223ddbcb7d0e505ca7294e2b920745db2394bc75,CAGCACACCTGAGCAAAGAGAACTTTAGTTTAGGCCACCGAAACTAGACGAGCTACTCCGGGACAGCCTATTGTAGGGCCAACCCGTCTCTGTGGCAAAAGAGTGGGACGAGCCCCGAGTAGAGGTGATAAACCTATCGAGCCTAGTTATAGCTGGTTGCTTAGGAAATGAATAGAAGTTCAGCCCCCCGGCTTTCTTAGGACCTTAAGGTAAAACTAATATTGTCCCAAAGAAACCAGGAGAGTTAGTCAAAGGAGGTACAGCTCCTTTGAACAAGGACACAACCTTAACAGGCGGCTAAGGATCATAGTTACCAAGGTAACCTGTTACAGTGG
03a847be0780d797e46fa9a3240f6c8d9c277d94,AAGAACACCCAAGCAAAGTGAACTGAAGTTTGCCATCCCGAAACCCAAGCGAGCTACTTACGAGCAGCTATTAGAGCGAACCCGTCTCTGTTGCAAAAGAGTGGGATGACTTGTCAGTAGAGGTGAAAAGCCAACCGAGCTGGGTGATAGCTGGTTACCTGTGAAACGAATCTAAGTTCTCCCTTAATCTTCCCTACCGGACAACACCCAGAACCACAATGAGATGATTAAGAGCTATTTAATGGAGGTACAGCTCCATTAAAAAAGGACACAACCTCGACTAGTGGATAAATCTAATCACCAACCTTACTGTGG
075b1d350fefdb5671e045da5efe0b11708af9b3,CAGCAAACCTGAGCAAAGAGAACTTTAGTTCAGGCCCCCGAAACTAGACGAGCTACTCCGGGACAGCCTATTGTAGGGCTAACCCGTCTCTGTGGCAAAAGAGTGGGACGAGCCCCGAGTAGAGGGGATAAACCTATCGAGCCTAGTTATAGCTGGTTGCTTAGGAAATGAATAGAAGTTCAGCCCCCCGGCTTTCTTAGGACCTTAAGGTAAAACTAATATTGTCCCAGAGAAACCAGGAGAGTTAGTCAAAGGAGGTACAGCTCCTTTGAACAAGGACACAACCTTAACAGGCGGCTAAGGATCATAGTTACCAAGGTAACCTGTTACAGTGG
4fd0ac0a73954770ac57a3573103b795fc76880a,CAGCAAACCTGAGCAAAGAGAACTTTAGTTCAGGCCCCCGAAACTAGACGAGCTACTCCGGGACAGCCTATTGTAGGGCTAACCCGTCTCTGTGGCAAAAGAGTGGGACGAGCCCCGAGTAGAGGTGATAAACCTATCGAGCCTAGTTATAGCTGGTTGCTTAGGAAATGAATAGAAGTTCAGCCCCCCGGCTTTCTTAGGACCTTAAGGTAAAACTAATATTGTCCCAGAGAAACCAGGAGAGTTAGTCAAAGGAGGTACAGCCCCTTTGAACAAGGACACAACCTTAACAGGCGGCTAAGGATCATAGTTACCAAGGTAACCTGTTACAGTGG
06970dbc38445cba5feb5d5dfa4812734b964dd8,CAGCACACCTGAGCAAAGAGAACTTTAGTTTAGGCCACCGAAACTAGACGAGCTACTCCGGGACAGCCTATTGTAGGGCCAACCCGTCTCTGTGGCAAAAGAGTGGGACGAGCCCCGAGTAGAGGTGATAAACCTATCGAGCCTAGTTATAGCTGGTTGCTTAGGAAATGAATAGAAGTTCAGCCCCCCGGCTTTCTTAGGACCTTAAGGTAAAACTAATATTGTCCCAGAGAAACCAGGAGAGTTAGTCAAAGGAGGTACAGCTCCTTTGAACAAGGACACAACCTTAACAGGCGGCTAAGGATCATAGTTACCAAGGTAACCTGTTACAGTGG
1a81693c2794c3dbc835617159ac9992e38b7729,CAGCAAACCTGAGCAAAGAGAACTTTAGTTCAGGCCCCCGAAACTAGACGAGCTACTCCGGGACAGCCTATTGTAGGGCTAACCCGTCTCTGTGGCAAAAGAGTGGGAAGAGCCCCGAGTAGAGGTGATAAACCTATCGAGCCTAGTTATAGCTGGTTGCTTAGGAAATGAATAGAAGTTCAGCCCCCGGGCTTTCTTAGGACCTTAAGGTAAAACTAATATTGTCCCAGAGAAACCAGGAGAGTTAGTCAAAGGAGGTACAGCTCCTTTGAACAAGGACACAACCTTAACAGGCGGCTAAGGATCATAGTTACCAAGGTAACCTGTTACAGTGG
667903f12fd6068f009020cb1a165d40ebc82b8d,AAGTGTACCTCAAGCAAAGCGAACTTTAGTTTGACGTCCCGAAACTACGTGAGCTACTCCAAGACAGCCTATTAATAGGGCACACCCGTCTCTGTAGCAAAAGAGTGGAGAGAGCTTTGAGTAGAGGTGACAAACCTACCGAACCTAGTTATAGCTGGCTGTCCAAGAAATGAATAGAAGTTCAGCCTCTTAGCTTCTCTTTTCACACTAGTTTAACCCCTAATTGATACCTTAAAGAAACCAAGAGAGTTAGTCAAAGGGGGTACAGCCCCTTTGAACCAAGACACAACTTTATTAGGCGGGTAAAGATCATAATAACTAAAGCTAAGTGTTCTGGTGG
2e1c7e7b1e7f019ee6eb057c7f4efddcbc28926f,TAGTAATAATCAGGCAAAGGGAACTTTAGTCGGATGCCCCGAAACTAAGTGAGCTACTCCAAGACAGCCTATTAATAGGGCACACCCGTCTCTGTGGCAAAAGAGTGGGAAGAGCTTCGAGTAGAGGTGATAGACCTACCGAACTTAGTTATAGCTGGTCGTCTGGGAATTGGATAGGAGTTCAGCCTCCCGGCTTCTTATTTCATCTCCGTCTTTGCACCTACAGATCTTAAAGAAACCGCGAGAGTTAGCCAAAGGGGGTACAGCCCCTTTGAAACAAGACACAACTTTTCCAGGAGGGTAAAGATCATAGTAACAAAAGTAAAATGTTTTGGTGG
6a3b9a2adfa51b89281de641689cd996dcce9296,CAGCAAACCTGAGCAAAGAGAACTTTAGTTCAGGCCCCCGAAACTAGACGAGCTACTCCGGGACAGCCTATTGCAGGGCTAACCCGTCTCTGTGGCAAAAGAGTGGGACGAGCCCCGAGTAGAGGTGATAAACCTATCGAGCCTAGTTATAGCTGGTTGCTTAGGAAATGAATAGAAGTTCAGCCCCCCGGCCTTCTTAGGACCTTAAGGTAAAACTAATATTGTCCCAAAGAAACCAGGAGAGTTAGTCAAAGGAGGTACAGCTCCTTTGAACAAGGACACAACCTTAACAGGCGGCTAAGGATCATAATTACTAAGGTAACCTGTTACAGTGG
77af390c3fa10fa3285968de5f3de5826447b295,AAGCGTACCTCAAGCAAAGCGAACTTTAGTTTGACGTCCCGAAACTACGTGAGCTACTCCAAGACAGCCTATTAATAGGGCACACCCGTCTCTGTAGCAAAAGAGTGGAGAGAGCTTTGAGTAGAGGTGACAAACCTACCGAACCTAGTTATAGCTGGTTGTCCAAGAAATGAATAGAAGTTCAGCCTCTTAGCTTCTCTTTTCACACTAGTTTAACCCCTAATTGATACCTTAAAGAAACCAAGAGAGTTAGTCAAAGGGGGTACAGCCCCTTTGAACCAAGACACAACTTTATTAGGCGGGTAAAGATCATAATAACTAAAGCTAAGTGTTCTGGTGG
48e2eec6fed02e6063fe3b68dd4f6a5f1bed3626,CAGCACACCTGAGTAAAGAGAACTTTAGTTTAGGCCCCCGAAACTAGACGAGCTACTCCGGGACAGCCTATTGTAGGGCCAACCCGTCTCTGTGGCAAAAGAGTGGGACGAGCCCCGAGTAGAGGTGATAAACCTATCGAGCCTAGTTATAGCTGGTTGCTTAGGAAATGAATAGAAGTTCAGCCCCCCGGCTTTCTTAGGACCTTAAGGTAAAACTAATATTGTCCCAAAGAAACCAGGAGAGTTAGTCAAAGGAGGTACAGCTCCTTTGAACAAGGACACAACCTTAACAGGCGGCTAAGGATCATAGTTACCAAGGTAACCTGTTACAGTGG
3d85c606c914456d0bd38d24bd209caaf518ab04,CAGTGTAGCCCAAGCAAAGAGCACTTTAGTTTGATAACCCGAAACTAAGTGAGCTACTCCAAGACAGCCTATTAATAGGGCAAACCCGTCTCTGTGGCAAAAGAGTGGGAAGAGCTTTGAGTAGAGGTGACAGACCTACCGAACTTAGTTATAGCTGGTTGCCTGGGAATTGGATAGAAGTTCAGCCTCCCGAATTCTTTATTCACATCAGTCTCACCCCTCCTGATACCCCTAAGAAACCGAGAGAGTTAGTCAAAGGGGGTACAGCCCCTTTGAACCAAGACACAACTTTTCCAGGAGGGTAAAGATCATAATAAATTAAGGTAAAATATTTTGGTGG
b134806ffd0b90aa4676ebd08c8aea70a3e47121,CAGTGTAGCCCAAGCGAAGAGCACTTTAGTTTGATAACCCGAAACTAAGTGAGCTACTCCAAGACAGCCTATTAATAGGGCAAACCCGTCTCTGTGGCAAAAGAGTGGGAAGAGCTTTGAGTAGAGGTGACAGACCTACCGAACTTAGTTATAGCTGGTTGCCTGGGAATTGGATAGAAGTTCAGCCTCCCGAATTCTTTATTCACATCAGTCTCACCCCTCCTGATACCCCTAAGAAGCCGAGAGAGTTAGTCAAAGGGGGTACAGCCCCTTTGAACCAAGACACAACTTTTCCAGGAGGGTAAAGATCATAATAAATTAAGGTAAAATATTTTGGTGG
3019015014b642d60ac04bb6c4ef434f217def5a,AAGTGTACCTCAAGCAAAGCGAACTTTAGTTTGACGTCCCGAAACTACGTGAGCTACTCCAAGACAGCCTATTAATAGGGCACACCCGTCTCTGTAGCAAAAGAGTGGAGAGAGCTTTGAGTAGAGGTGACAAACCTACCGAACCTAGTTATAGCTGGTTGTCCAAGAAATGAATAGAAGTTCAGCCTCTTAGCTTCTCTTCTCACACTAGTTTAACCCCTAATTGATACCTTAAAGAAACCAAGAGAGTTAGTCAAAGGGGGTACAGCCCCTTTGAACCAAGACACAACTTTATTAGGCGGGTAAAGATCATAATAACTAAAGCTAAGTGTTCTGGTGG
069f868fa0fa019fb8bcb9a6e40b8747129af3de,CAGCACACCTGAGCAAAGAGAACTTTAGTTTAGGCCCCCGAAACTAGACGAGCTACTCCGGGACAGCCTATTGTAGGGCCAACCCGTCTCTGTGGCAAAAGAGTGGGACGAGCCCCGAGTAGAGGTGATAAACCTATCGAGCCTAGTTATAGCTGGTTGCTTAGGAAATGAATAGAAGTTCAGCCCCCCGGCTTTCTTAGGACCTTAAGGTGAAACTAATATTGTCCCAGAGAAACCAGGAGAGTTAGTCAAAGGAGGTACAGCTCCTTTGAACAAGGACACAACCTTAACAGGCGGCTAAGGATCATAGTTACCAAGGTAACCTGTTACAGTGG
2231e58ec880e5a1b294cbb59a765fd78ed09196,CAGCAAACCTGAGCAAAGAGAACTTTAGTTCAGGCCCCCGAAACTAGACGAGCTACTCCGGGACAGCCTATTGTAGGGCTAACCCGTCTCTGTGGCAAAAGAGTGGGAAGAGCCCCGAGTAGAGGTGATAAACCTATCGAGCCTAGTTATAGCTGGTTGCTTAGGAAATGAATAGAAGTTCAGCCCCCCGGCTTTCTTAGGACCTTAAGGTAAAACTAATATTGTCCCAGAGAAACCAGGAGAGTTAGTCAAAGGAGGTACAGCTCCTTTGAACAAGGACACAACCTTAACAGGCGGCTAAGGATCATAGTTACCAATGTAACCTGTTACAGTGG
91687d68540299c1792494461e5e54ec110dd6fa,CAGCACACCTGAGCAAAGAGAACTTTAGTTTAGACCCCCGAAACTAGACGAGCTACTCCGGGACAGCCTATTGTAGGGCCAACCCGTCTCTGTGGCAAAAGAGTGGGACGAGCCCCGAGTAGAGGTGATAAACCTATCGAGCCTAGTTATAGCTGGTTGCTTAGGAAATGAATAGAAGTTCAGCCCCCCGGCTTTCTTAGGACCTTAAGGTAAAACTAATATTGTCCCAAAGAAACCAGGAGAGTTAGTCAAAGGAGGTACAGCTCCTTTGAACAAGGACACAACCTTAACAGGCGGCTAAGGATCATAGTTACCAAGGTAACCTGTTACAGTGG
037e6aed904792cde67d1de9547e9d99d0157faf,AAGTGTACCTCAAGCAAAGCGAACTTTAGTTTGACGTCCCGAAACTACGTGAGCTACTCCAAGACAGCCTATTAATAGGGCACACCCGTCTCTGTAGCAAAAGAGTGGAGAGAGCTTTGAGTAGAGGTGACAAACCTACCGAACCTAGTTATAGCTGGTTGTCCAAGAAATGAATAGAAGTTCAGCCTCTTAGCTTCTCTTTTCACACTAGTTTAACCCCTAATTGATACCTTAAAGAAACCAAGAGAGTTCGTCAAAGGGGGTACAGCCCCTTTGAACCAAGACACAACTTTATTAGGCGGGTAAAGATCATAATAACTAAAGCTAAGTGTTCTGGTGG
3a5fbebd8bb0c1917481aabf20a02bb61bb725d9,AAGTGTACCTCAAGCAAAGCGAACTTTAGTTTGACGTCCCGAAACTACGTGAGCTACTCCAAGACAGCCTATTAATAGGGCACACCCGTCTCTGTAGCAAAAGAGTGGAGAGAGCCTTGAGTAGAGGTGACAAACCTACCGAACCTAGTTATAGCTGGTTGTCCAAGAAATGAATAGAAGTTCAGCCTCTTAGCTTCTCTTTTCACACTAGTTTAACCCCTAATTGATACCTTAAAGAAACCAAGAGAGTTAGTCAAAGGGGGTACAGCCCCTTTGAACCAAGACACAACTTTATTAGGCGGGTAAAGATCATAATAACTAAAGCTAAGTGTTCTGGTGG
096429040520e63d1c996bd37f89ae0317badcbc,AAGTGTACCTCAAGCAAAGCGAACTTTAGTTTGACGTCCCGAAACTACGTGAGCTACTCCAAGACAGCCTATTAATAGGGCACACCCGTCTCTGTAGCAAAAGAGTGGAGAGAGCTTTGAGTAGAGGTGACAAACCTACCGAACCTAGTTATAGCTGGTTGTCCAAGAAATGAATAGAAGTTCAGCCTCTTAACTTCTCTTTTCACACTAGTTTAACCCCTAATTGATACCTTAAAGAAACCAAGAGAGTTAGTCAAAGGGGGTACAGCCCCTTTGAACCAAGACACAACTTTATTAGGCGGGTAAAGATCATAATAACTAAAGCTAAGTGTTCTGGTGG
58e45243e0f2107d52459805775bb1372b625c7e,AAGTGTACCTCAAGCAAAGCGAACTTTAGTTTGACGTCCCGAAACTACGTGAGCTACTCCAAGACAGCCTATTAATAGGGCACACCCGTCTCTGTAGCAAAAGAGTGGAGAGAGCTTTGAGTAGAGGTGACAAACCTACCGAACCTAGTTATAGCTGGTTGTCCAAGAAATGAATAGAAGTTCAGCCTCTTAGCTTCTCTTTTCACACTAGTTTAACCCCTAATTGATACCTTAAAGAAACCAAGAGAGTTAGTCAAAGGGGGTACAGCCCCTTTGAACCAAGACACAACCTTATTAGGCGGGTAAAGATCATAATAACTAAAGCTAAGTGTTCTGGTGG
1fa02e0f86da8b5b984394c049b4cb08140c57da,CAGCACACCTGAGCAAAGAGAACTTTAGTTTAGGCCCCCGAAACTAGACGAGCTACTCCGGGACAGCCTATTGTAGGGCCAACCCGTCTCTGTGGCAAAAGAGTGGGACGAGCCCCGAGTAGAGGTGATAAACCTATCGAGCCTAGTTATAGCTGGTTGCTTAGGAAATGAATAGAAGTTCAGCCCCCCGGCTTTCTTAGGGTCTTAAGGTAAAACTAATATTGTCCCAAAGAAACCAGGAGAGTTAGTCAAAGGAGGTACAGCTCCTTTGAACAAGGACACAACCTTAACAGGCGGCTAAGGATCATAGTTACCAAGGTAACCTGTTACAGTGG
02a3d2707251b1808d4dd42b24a6987dc0eab9c0,AAGTGTACCTCAAGCAAAGCGAACTTTAGTTTGACGTCCCGAAACTACGTGAGCTACTCCAAGACAGCCTATTAATAGGGCACACCCGTCTCTGTAGCAAAAGAGTGGAGAGAGCTTTGAGTAGAGGTGACAAACCTACCGAACCTAGTTATAGCTGGTTGCCCAAGAAATGAATAGAAGTTCAGCCTCTTAGCTTCTCTTTTCACACTAGTTTAACCCCTAATTGATACCTTAAAGAAACCAAGAGAGTTAGTCAAAGGGGGTACAGCCCCTTTGAACCAAGACACAACTTTATTAGGCGGGTAAAGATCATAATAACTAAAGCTAAGTGTTCTGGTGG
82ead44aeb37bb053d5e254d92dc625675d22131,AAGAACACCCAAGCAAAGTGAACTGAAGTTTGCCATCCCGAAACCCAAGCGAGCTACTTACGAGCAGCTATTAGAGCGAACCCGTCTCTGTTGCAAAAGAGTGGGATGACTTGTCAGTAGAGGTGAAAAGCCAACCGAGCTGGGTGATAGCTGGTTACCTGTGAAATGAATCTAAGTTCTCCCTTAATCTTCCCTACCGGACAACACCCAGAACCACAATGAGATGATTAAGAGCTATTTAATGGAGGTACAGCTCCATTAAAAAAGGACACAACCTCGACTAGTGGATAAATCTAATCACCAACCTTACTGTGG
dba994f01e2b1e996c5df8007fa3d3dce94755d8,CAGCAAACCTGAGCAAAGAGAACTTTAGTTCAGGCCCCCTAAACTAGACGAGCTACTCCGGGACAGCCTATTGTAGGGCTAACCCGTCTCTGTGGCAAAAGAGTGGGAAGAGCCCCGAGTAGAGGTGATAAACCTATCGAGCCTAGTTATAGCTGGTTGCTTAGGAAATGAATAGAAGTTCAGCCCCCCGGCTTTCTTAGGACCTTAAGGTAAAACTAATATTGTCCCAGAGAAACCAGGAGAGTTAGTCAAAGGAGGTACAGCTCCTTTGAACAAGGACACAACCTTAACAGGCGGCTAAGGATCATAGTTACCAAGGTAACCTGTTACAGTGG
d7a3545ed78e3526eef89cd92fd8df9ef9b7471a,CAGCACACCTGAGCAAAGAGAACTTTAGTTTAGGCCCCCGAAACTAGACGAGCTACTCCGGGACAGCCTATTGTAGGGCCAACCCGTCTCTGTGGCAAAAGAGTGGGACGAGCCCCGAGTAGAGGTGATAAACCTATCGAGCCTAGTTATAGCTGGTTGCTTAGGAAATTAATAGAAGTTCAGCCCCCCGGCTTTCTTAGGACCTTAAGGTAAAACTAATATTGTCCCAAAGAAACCAGGAGAGTTAGTCAAAGGAGGTACAGCTCCTTTGAACAAGGACACAACCTTAACAGGCGGCTAAGGATCATAGTTACCAAGGTAACCTGTTACAGTGG
169a66e69e50e858b8c868459b9f66baba83c40a,AAGTGTACCTCAAGCAAAGCGAACCTTAGTTTGACGTCCCGAAACTACGTGAGCTACTCCAAGACAGCCTATTAATAGGGCACACCCGTCTCTGTAGCAAAAGAGTGGAGAGAGCTTTGAGTAGAGGTGACAAACCTACCGAACCTAGTTATAGCTGGTTGTCCAAGAAATGAATAGAAGTTCAGCCTCTTAGCTTCTCTTTTCACACTAGTTTAACCCCTAATTGATACCTTAAAGAAACCAAGAGAGTTAGTCAAAGGGGGTACAGCCCCTTTGAACCAAGACACAACTTTATTAGGCGGGTAAAGATCATAATAATTAAAGCTAAGTGTTCTGGTGG
018e5b564d86d58cf79c0744c2db5a1b274806ff,CAGTGTAGCCCAAGCAAAGAGCACTTTAGTTTGATAACCCGAAACTAAGTGAGCTACTCCAAGACAGCCTATTAATAGGGCAAACCCGTCTCTGTGGCAAAAGAGTGGGAAGAGCTTTGAGTAGAGGTGACAGACCTACCGAACTTAGTTATCGCTGGTTGCCTGGGAATTGGATAGAAGTTCAGCCTCCCGAATTCTTTATTCACATCAGTCTCACCCCTCCTGATACCCCTAAGAAGCCGAGAGAGTTAGTCAAAGGGGGTACAGCCCCTTTGAACCAAGACACAACTTTTCCAGGAGGGTAAAGATCATAATAAATTAAGGTAAAATATTTTGGTGG
71e86bd22e041432ca2a1a6747832c9f9bbf519f,CAGCACACCTGAGCAAAGGGAACTTTAGTTTAGGCCCCCGAAACTAGACGAGCTACTCCGGGACAGCCTATTGTAGGGCCAACCCGTCTCTGTGGCAAAAGAGTGGGACGAGCCCCGAGTAGAGGTGATAAACCTATCGAGCCTAGTTATAGCTGGTTGCTTAGGAAATGAATAGAAGTTCAGCCCCCCGGCTTTCTTAGGACCTTAAGGTAAAACTAATATTGTCCCAAAGAAACCAGGAGAGTTAGTCAAAGGAGGTACAGCTCCTTTGAACAAGGACACAACCTTAACAGGCGGCTAAGGATCATAGTTACCAAGGTAACCTGTTACAGTGG
2ed0ba7e8c47a5324260b62448c020bef34b4ec4,AAGAACAACCAAGCAAAGTGAACTGAAGTTTGCCATCCCGAAACCCAAGCGAGCTACTTACGAGCAGCTATTAGAGCGAACCCGTCTCTGTTGCAAAAGAGTGGGATGACTTGTCAGTAGAGGTGAAAAGCCAACCGAGCTGGGTGATAGCTGGTTACCTGTGAAATGAATCTAAGTTCTCCCTTAATCTTCCCTACCGGACAACACCCAAAACCACAATGAGATGATTAAGAGCTATTTAATGGAGGTACAGCTCCATTAAAAAAGGACACAACCTCGACTAGTGGATAAATCTAATCACCAACCTTACTGTGG
eff622610c91df38e72a79c82775941860bb29d2,CAGCAAACCTGAGCAAAGAGAACTTTAGTTCAGGCCCCCGAAACTAGACGAGCTACTCCGGGACAGCCTATTGTAGGGCTAACCCGTCTCTGTGGCAAAAGAGTTGGAAGAGCCCCGAGTAGAGGTGATAAACCTATCGAGCCTAGTTATAGCTGGTTGCTTAGGAAATGAATAGAAGTTCAGCCCCCCGGCTTTCTTAGGACCTTAAGGTAAAACTAATATTGTCCCAGAGAAACCAGGAGAGTTAGTCAAAGGAGGTACAGCTCCTTTGAACAAGGACACAACCTTAACAGGCGGCTAAGGATCATAGTTACCAAGGTAACCTGTTACAGTGG
03785628c8d3e0df8841468a848ab983eef458d5,CAGCAAACCTGAGCAAAGAGAACTTTAGTTCAGGCCCCCGAAACTAGACGAGCTACTCCGGGACAGCCTATTGTAGGGCTAACCCGTCTCTGTGGCAAAAGAGTGGGACGAGCCCCGAGTAGAGGCGATAAACCTATCGAGCCTAGTTATAGCTGGTTGCTTAGGAAATGAATAGAAGTTCAGCCCCCCGGCTTTCTTAGGACCTTAAGGTGAAACTAATATTGTCCCAGAGAAACCAGGAGAGTTAGTCAAAGGAGGTACAGCTCCTTTGAACAAGGACACAACCTTAACAGGCGGCTAAGGATCATAGTTACCAAGGTAACCTGTTACAGTGG
dea37ff80dabd32abb1cd5b2e4fadfcd4cfb83b7,CAGCACACCTGAGCAAAGAGAACTTTAGTTTAGGCCCCCGAAACTAGACGAGCTACTCCGGGACAGCCTATTGTAGGGCCAACCCGTCTCTGTGGCAAAAGAGTGGGACGAGCCCCGAGTAGAGGTGATAAACCTATCGAGCCTAGTTATAGCTGGTTGCTTAGGAAATGAATAGAAGTTCAGCCCCCCGGCTTTCTTAGGACTTTAAGGTAAAACTAATATTGTCCCAAAGAAACCAGGAGAGTTAGTCAAAGGAGGTACAGCTCCTTTGAACAAGGACACAACCTTAACAGGCGGCTAAGGATCATAGTTACCAAGGTAACCTGTTACAGTGG
04835071750b4be0c50b378e51be103ccc2061b5,CAGCAAACCTGAGCAAAGAGAACTTTAGTTCAGGCCCCCGAAACTAGACGAGCTACTCCGGGACAGCCTATTGTAGGGCTAACCCGTCTCTGTGGCAAAAGAGTAGGACGAGCCCCGAGTAGAGGTGATAAACCTATCGAGCCTGGTTATAGCTGGTTGCTTAGGAAATGAATAGAAGTTCAGCCCCCCGGCTTTCTTAGGACCTTAAGGTAAAACTAATATTGTCCCAGAGAAACCAGGAGAGTTAGTCAAAGGAGGTACAGCTCCTTTGAACAAGGACACAACCTTAACAGGCGGCTAAGGATCATAGTTACCAAGGTAACCTGTTACAGTGG
58cffbc777518a18d6ee33d98e460b8d4b993029,CAGCACACCTGAGCAAAGGGAACTTTAGTTTAGGCCCCCGAAACTAGACGAGCTACTCCGGGACAGCCTATTGTAGGGCCAACCCGTCTCTGTGGCAAAAGAGTGGGACGAGCCCCGAGTAGAGGTGATAAACCTATCGAGCCTAGTTATAGCTGGTTGCTTAGGAAATGAATAGAAGTTCAGCCCCCCGGCTTTCTTAGGACCTTAAGGTAAAACTAATATTGTCCCAGAGAAACCAGGAGAGTTAGTCAAAGGAGGTACAGCTCCTTTGAACAAGGACACAACCTTAACAGGCGGCTAAGGATCATAGTTACCAAGGTAACCTGTTACAGTGG
10e1463b2f19ad74023c08a3be6e66b69453a951,AAGTGTACCTCAAGCAAAGCGAACTTTAGTTTGACGTCCCGAAACTACGTGAGCTACTCCAAGACAGCCTATTAATAGGGCACACCCGTCTCTGTAGCAAAAGAGTGGAGTGAGCTTTGAGTAGAGGTGACAAACCTACCGAACCTAGTTATAGCTGGTTGTCCAAGAAATGAATAGAAGTTCAGCCTCTTAGCTTCTCTTTTCACACTAGTTTAACCCCTAATTGATACCTTAAAGAAACCAAGAGAGTTAGTCAAAGGGGGTACAGCCCCTTTGAACCAAGACACAACTTTATTAGGCGGGTAAAGATCATAATAACTAAAGCTAAGTGTTCTGGTGG
da089c67fbfa4b9745ac1e6260aec142df2842c4,AAGTGTACCTCAAGCAAAGCGAACCTTAGTTTGACGTCCCGAAACTACGTGAGCTACTCCAAGACAGCCTATTAATAGGGCACACCCGTCTCTGTAGCAAAAGAGTGGAGAGAGCTTTGAGTAGAGGTGACAAACCTACCGAACCTAGTTATAGCTGGTTGTCCAAGAAATGAATAGAAGTTCAGCCTCTTAGCTTCTCTTTTCACACTAGTTTAACCCCTAATTGATACCTTAAAGAAACCAAGAGAGTTAGTCAAAGGGGGTACAGCCCCTTTGAACCAAGACACAACTTTATTAGGCGGGTAAAGATCATAATAACTAAAGCTAAGTGTTCTGGTGG
14e534dd50c7463d41bd270a1216a20dc0453dfc,CAGCAAACCTGAGCAAAGAGAACTTTAGTTCAGGCCCCCGAAACTAGACGAGCTACTCCGGGACAGCCTATTGTAGGGCTAACCCGTCTCTGTGGCAAAAGAGTGGGACGAGCCCCGAGTAGAGGTGATAAACCTATCGAGCCTAGTTATATCTGGTTGCTTAGGAAATGAATAGAAGTTCAGCCCCCCGGCTTTCTTAGGACCTTAAGGTAAAACTAATATTGTCCCAGAGAAACCAGGAGAGTTAGTCAAAGGAGGTACAGCTCCTTTGAACAAGGACACAACCTTAACAGGCGGCTAAGGATCATAGTTACCAAGGTAACCTGTTACAGTGG
6538779bbfff2d3aef3de189bf3099974e1c3250,TAGTAATAATCAGGCAAAGGGAACTTTAGTCGGATGCCCCGAAACTAAGTGAGCTACTCCAAGACAGCCTATTAATAGGGCACACCCGTCTCTGTGGCAAAAGAGTGGGAAGAGCTTCGAGTAGAGGTGATAGACCTACCGAACTTAGTTATAGCTGGTCGTCTGGGAATTGGATAGGAGTTCAGCCTCCCGGCTTCTTATTTCATCTCCGTCTTTGCACCTACAGATCTTAAAGAAACCGCGAGAGTTAGCCAAAGGGGGTACAGCCCCTTTGAAACAAGACACAACTTTTCCAGGAGGGTAAGGATCATAGTAACAAAAGTAAAATGTTTTGGTGG
5f4d8c140d6890dac79da4eb97d19168d66f0fc0,AAGTGTACCTCAAGCAAAGCGAACTTTAGTTTGACGTCCCGAAACTACGTGAGCTACTCCAAGACAGCCTATTAATAGGGCACACCCGTCTCTGTAGCAAAAGAGTGGAGAGAGCTTTGAGTAGAGGTGACAAACCTACCGAACCTAGTTATAGCTGGTTGTCCAAGAAATGAATAGAAGTTCAGCCTCTTAGCTTCTCTTTTCACACTAGTTTAACCCCTAATTGATACCTTAAAGAAACCAAGAGAGTTAGTCAAAGGGGGTACAGCTCCTTTGAACCAAGACACAACTTTATTAGGCGGGTAAAGATCATAATAACTAAAGCTAAGTGTTCTGGTGG
5266da87e335ae9fa447a9dbe429b98ff16a805b,CAGTGTAGCCCAAGCAAAGAGCACTTTAGTTTGATAACCCGAAACTAAGTGAGCTACTCCAAGACAGCCTATTAATAGGGCAAACCCGTCTCTGTGGCAAAAGAGTGGGAAGAGCTTTGAGTAGAGGTGACAGACCTACCGAACTTAGTTATAGCTGGTTGCCTGGGAATTGGATAGAAGTTCAGCCTCCCGAATTCTTTATTCACAACAGTCTCACCCCTCCTGATACCCCTAAGAAGCCGAGAGAGTTAGTCAAAGGGGGTACAGCCCCTTTGAACCAAGACACAACTTTTCCAGGAGGGTAAAGATCATAATAAATTAAGGTAAAATATTTTGGTGG
8769f9a7201b4d66a8ccc5052cf4eb6d641e2da1,AAGTGTACCTCAAGCAAAGCGAACTTTAGTTTGACGTCCCGAGACTACGTGAGCTACTCCAAGACAGCCTATTAATAGGGCACACCCGTCTCTGTAGCAAAAGAGTGGAGAGAGCTTTGGGTAGAGGTGACAAACCTACCGAACCTAGTTATAGCTGGTTGTCCAAGAAATGAATAGAAGTTCAGCCTCTTAGCTTCTCTTTTCACACTAGTTTAACCCCTAATTGATACCTTAAAGAAACCAAGAGAGTTAGTCAAAGGGGGTACAGCCCCTTTGAACCAAGACACAACTTTATTAGGCGGGTAAAGATCATAATAACTAAAGCTAAGTGTTCTGGTGG
4490844eb118af60747339766b10a70491e30050,AAGTGTACCTCAAGCAAAGCGAACTTTAGTTTGACGTCCCGAAACTACGTGAGCTACTCCAAGACAGCCTATTAATAGGGCACACCCGTCTCTGTAGCAAAAGAGTGGAGAGAGCTTTGAGTAGAGGTGACAAACCTACCGAACCTAGTTATAGCTGGTTGTCCAAGAAATGAATTGAAGTTCAGCCTCTTAGCTTCTCTTTTCACACTAGTTTAACCCCTAATTGATACCTTAAAGAAACCAAGAGAGTTAGTCAAAGGGGGTACAGCCCCTTTGAACCAAGACACAACTTTATTAGGCGGGTAAAGATCATAATAACTAAAGCTAAGTGTTCTGGTGG
b2a149bc478e0bc64bfac3dd0405dbe081f1d5be,TAGTAATAATCAGGCAAAGGGAACTTTAGTCGGATGCCCCGAAACTAAGTGAGCTACTCCAAGACAGCCTATTAATAGGGCACACCCGTCTCTGTGGCAAAAGAGTGGGAAGAGCTTCGAGTAGAGGTGATAGACCTACCGAACTTAGTTATAGCTGGTTGTCTGGGAATTGGATAGGAGTTCAGCCTCCCGGCTTCTTATTTCATCTCCGTCTTTGCACCTACAGATCTTAAAGAAACCGCGAGAGTTAACCAAAGGGGGTACAGCCCCTTTGAAACAAGACACAACTTTTCCAGGAGGGTAAAGATCATAGTAACAAAAGTAAAATGTTTTGGTGG
51585629b20469efbd229fcd57c61e6b7e29320e,AAGAACAACCAAGCAAAGTGAACTGGAGTTTGCCATCCCGAAACCCAAGCGAGCTACTTACGAGCAGCTATTAGAGCGAACCCGTCTCTGTTCCAAAAGAGTGGGATGACTTGTCAGTAGAGGTGAAAAGCCAACCGAGCTGGGTGATAGCTGGTTACCTGTGAAATGAATCTAAGTTCTCCCTTAATCTTCCCTACCGGACAACACCCAGAACCACAATGAGATGATTAAGAGCTATTTAATGGAGGTACAGCTCCATTAAAAAAGGACACAACCTCGACTAGTGGATAAATCTAATCACCAACCTTACTGTGG
441cecdad5fef0bdae2508672d409d1464990e85,CAGCAAACCTGAGCAAAGAGAACTTTAGTTCAGGCCCCCGGCTTTCTTAGGACCTTAAGGTAAAACTAATATTGTCCCAGAGAAACCAGGAGAGTTAGTCAAAGGAGGTACAGCTCCTTTGAACAAGGACACAACCTTAACAGGCGGCTAAGGATCATAGTTACCAAGGTAACCTGTTACAGTGGGCCTAAAAGCAGCCACCTGCTGTCTCTTATACACATCTCCGAGCCCACGAGACCCTGTCTGTCAT
c5cdaa940feaf624dbab9ec9d1c5c74ef56f3b22,CAGTGTAGCCCAAGCAAAGAGCACTTTAGTTTGATAACCCGAAACTAAGTGAGCTACTCCAAGACAGCCTATTAATAGGGCAAACCCGTCTCTGTGGCAAAAGAGTGGGACGAGCCCCGAGTAGAGGTGATAAACCTATCGAGCCTAGTTATAGCTGGTTGCTTAGGAAATGAATAGAAGTTCAGCCCCCCGGCTTTCTTAGGACCTTAAGGTAAAACTAATATTGTCCCAAAGAAACCAGGAGAGTTAGACAAAGGAGGTACAGCTCCTTTGAACAAGGACACAACCTTAACAGGCGGCTAAGGATCATAGTTACCAAGGTAACCTGTTACAGTGG
